url,name,address,phone,website
https://find.icaew.com/firms/london/hentons-london-limited/Z2iih1v,Hentons (London) Limited,"Ground Floor, 31 Kentish Town Road, London, NW1 8NL",020 76373210,http://henton.com
https://find.icaew.com/firms/newcastle-upon-tyne/pcr-london-llp-bas/ZnkQyJ,PCR (London) LLP,"Suite 108 Collingwood Buildings 38 Collingwood Street, Newcastle Upon Tyne, NE1 1JF",0191 229 9656,
https://find.icaew.com/firms/london/waterman-brown-london-ltd/1cVJAi,Waterman Brown (London) Ltd,"66 Norman Road, Wimbledon, London, SW19 1BN",0208 5440544,
https://find.icaew.com/firms/worthing/pcr-london-llp/H1V92,PCR (London) LLP,"50 Ham Way, Worthing, West Sussex, BN11 2QH",01903 366020,
https://find.icaew.com/firms/london/bambridge-accountants-london-llp-bas/Z1JIEWo,Bambridge Accountants London LLP,"7 Henrietta Street, London, WC2E 8PS",0203 7579290,http://www.bambridgeaccountants.co.uk
https://find.icaew.com/firms/london/act-london-limited/2ho0Fc,ACT London Limited,"Royalty House, 32 Sacksville Street, London, W1S 3EA",Not available,
https://find.icaew.com/firms/ilford/london-fields-ltd/Z1QtJxt,London Fields Ltd,"8 Brandville Gardens, Ilford, Essex, IG6 1JF",Not available,
https://find.icaew.com/firms/london/london-bookkeeping-services-ltd/IHzKi,London Bookkeeping Services Ltd,"4 Hornton Place, London, W8 4LZ",0207 9383742,http://www.lbks.co.uk
https://find.icaew.com/firms/london/wmt-london-ltd/HGUxp,WMT (London) Ltd,"2nd Floor, 7 St. John Street, London, EC1M 4AA",Not available,
https://find.icaew.com/firms/london/act-london-limited/nuPAM,ACT London Limited,"Royalty House, 32 Sackville Street, Mayfair, London, W1S 3EA",0207 432 6050,http://www.act.london
https://find.icaew.com/firms/london/goldwyns-london-limited/Z1HkUR8,Goldwyns (London) Limited,"13 David Mews, Porter Street, London, W1U 6EQ",020 7935 1762,
https://find.icaew.com/firms/london/finance-associates-limited/1tvEdO,Finance Associates Limited,"65 London Wall, London, EC2M 5TU",0207 374 4933,
https://find.icaew.com/firms/london/stein-richards-limited/ZMOvFS,Stein Richards Limited,"10 London Mews, London, W2 1HY",020 7402 7070,
https://find.icaew.com/firms/london/stein-richards-limited-bas/ZMOvGq,Stein Richards Limited,"10 London Mews, London, W2 1HY",44 0207 4027070,http://www.steinrichards.co.uk
https://find.icaew.com/firms/london/pricewaterhousecoopers-llp-bas/2fH18x,PricewaterhouseCoopers LLP,"7 More London, Riverside, London, SE1 2RT",020 7583 5000,
https://find.icaew.com/firms/london/east-london-accountants-limited/Z1TUyEu,East London Accountants Limited,"Flat 3, 2b Prince George Road, London, N16 8BY",07882 181970,
https://find.icaew.com/firms/london/accountancy-services-london-ltd/ZQH4c0,Accountancy Services London Ltd,"Suite 401/402, Cumberland House, 80 Scrubs Lane, London, NW10 6RF",020 8962 9990,
https://find.icaew.com/firms/london/practice-london-limited/23RONL,Practice London Limited,"21 Windsor Road, London, E7 0QX",07736 320052,
https://find.icaew.com/firms/london/london-bookkeeping-solutions-limited/cCz3s,London Bookkeeping Solutions Limited,"Unit 6, 30 Friern Park, London, N12 9DA",020 8446 2220,http://www.londonbookkeepingsolutions.co.uk
https://find.icaew.com/firms/london/hentons-london-limited/Z2iih2A,Hentons (London) Limited,"Ground Floor, 31 Kentish Town Road, London, NW1 8NL",020 76373210,http://hentons.com
https://find.icaew.com/firms/london/goldwyns-london-limited-bas/Z1RMNdi,Goldwyns (London) Limited,"13 David Mews, Porter Street, London, W1U 6EQ",0207 935 1762,http://www.goldwyns.net
https://find.icaew.com/firms/london/practice-london-limited/23ROMG,Practice London Limited,"21 Windsor Road, London, E7 0QX",0773 6320052,
https://find.icaew.com/firms/london/farooq-and-co-london-limited/1NYAHb,Farooq & Co (London) Limited,"350 Kilburn Lane, London, W9 3EF",0203 5984760,http://www.farooqaccountants.co.uk
https://find.icaew.com/firms/bath/london-and-bath-limited/uMqVC,London & Bath Limited,"14 Queen Square, Bath, BA1 2HN",01225 462 411,http://www.london-bath.co.uk
https://find.icaew.com/firms/london/pricewaterhousecoopers-llp/ZM59Hn,PricewaterhouseCoopers LLP,"7 More London, Riverside, London, SE1 2RD",Not available,
https://find.icaew.com/firms/london/ship-shape-accounting-limited/ZtdVAP,Ship Shape Accounting Limited,"12 London Mews, London, W2 1HY",0207 7065250,http://www.shipshapeaccounting.com
https://find.icaew.com/firms/chatham/pcr-london-llp/1I4e6I,PCR (London) LLP,"Unit 39, The Joiners Shop, Chatham Historic Dockyard, Chatham, Kent, ME4 4TZ",01634 816066,
https://find.icaew.com/firms/london/waterman-brown-london-ltd-bas/Z1EyQLK,Waterman Brown (London) Ltd,"66 Norman Road, Wimbledon, London, SW19 1BN",0208 5440544,http://www.watermanbrown.co.uk
https://find.icaew.com/firms/uxbridge/pcr-london-llp/Zpk5Wq,PCR (London) LLP,"First Floor Unit 1, Brook Business Centre, Cowley Mill Road, Cowley, Uxbridge, Middlesex Ub8 2fx",Not available,
https://find.icaew.com/firms/london/accountancy-services-london-ltd/ZQH4cx,Accountancy Services London Ltd,"Suite 401/402, Cumberland House, 80 Scrubs Lane, London, NW10 6RF",020 8962 9990,http://www.yussouf.co.uk
https://find.icaew.com/firms/london/bambridge-accountants-london-llp/2pvIGY,Bambridge Accountants London LLP,"44 Maiden Lane, London, WC2E 7LN",020 3829 3492,
https://find.icaew.com/firms/bristol/pcr-london-llp-bas/AmbKP,PCR (London) LLP,"77a Alma Road, Clifton, Bristol, BS8 2DP",0117 239 0343,
https://find.icaew.com/firms/uxbridge/pcr-london-llp-bas/Z1jSB3G,PCR (London) LLP,"Unit 1, Brook Business Centre, Cowley Mill Road, Cowley, Uxbridge, Middlesex, UB8 2FX",0208 841 5252,http://www.pcrllp.co.uk
https://find.icaew.com/firms/london/harwood-hutton-london-llp/Z6L4A2,Harwood Hutton (London) LLP,"4 Devonshire Street, London, W1W 5DT",Not available,
https://find.icaew.com/firms/london/bambridge-accountants-london-llp/Z1JIEVQ,Bambridge Accountants London LLP,"7 Henrietta Street, London, WC2E 8PS",Not available,
https://find.icaew.com/firms/london/alif-and-co-london-limited/1zl4Qp,Alif & Co (London) Limited,"Second Floor, 235a Whitechapel Road, London, E1 1DB",020 7247 0606,http://www.alifandco.co.uk
https://find.icaew.com/firms/london/farooq-and-co-london-limited/Zr9R0r,Farooq & Co (London) Limited,"350 Kilburn Lane, London, W9 3EF",0203 5984760,http://www.farooqaccountants.co.uk
https://find.icaew.com/firms/london/ernst-and-young-llp/FqGWL,Ernst & Young LLP,"1 More London Place, London, SE1 2AF",020 7951 2000,http://www.ey.com/uk
https://find.icaew.com/firms/london/haines-watts-london-llp-bas/1EDtYE,Haines Watts London LLP,"New Derwent House, 69-73 Theobalds Road, London, WC1X 8TA",0207 0254650,http://www.hwca.com/accountants-london/
https://find.icaew.com/firms/london/born-associates-limited-bas/Z2hcxMY,Born Associates Limited,"3 London Wall Buildings, London, EC2M 5PD",0207 631 0554,http://www.bornandco.com
https://find.icaew.com/firms/london/harwood-hutton-london-llp/Z6L4Az,Harwood Hutton (London) LLP,"4 Devonshire Street, London, W1W 5DT",020 39546690,http://www.harwoodhutton.co.uk
https://find.icaew.com/firms/wembley/capital-partners-london-limited/JpiLq,Capital Partners London Limited,"110 Viglen House, Alperton Lane, Wembley, Middlesex, HA0 1HD",Not available,
https://find.icaew.com/firms/ilford/london-fields-ltd/Z1QtJy1,London Fields Ltd,"8 Brandville Gardens, Ilford, Essex, IG6 1JF",07930 633797,
https://find.icaew.com/firms/london/blue-sky-london-consulting-ltd/Z14TkY1,Blue Sky (London) Consulting Ltd,"36 Emerson Apartments, Chadwell Lane, London, N8 7RF",0777 1891097,
https://find.icaew.com/firms/watford/london-eccountant-ltd/bJ5eV,London eccountant Ltd,"Suite F4, Hartsbourne House, Watford, Hertfordshire, WD19 5EF",07970 822098,
https://find.icaew.com/firms/london/accounting-solutions-london-and-malta-ltd/diJGu,Accounting Solutions London & Malta Ltd,"28b Bardolph Road, London, N7 0NJ",Not available,
https://find.icaew.com/firms/london/born-and-co-insolvency-services-bas/1jp3Jf,Born & Co Insolvency Services,"3 London Wall Buildings, London, EC2M 5PD",020 7631 0554,http://www.bornandco.com
https://find.icaew.com/firms/london/ash-and-associates/SCTu7,Ash & Associates,"2 London Wall Buildings, London Wall, London, EC2M 5PP",0207 256 9911,http://www.ashassociate.co.uk
https://find.icaew.com/firms/london/haines-watts-probate-services-llp/Z2t56HC,Haines Watts Probate Services LLP,"Haines Watts London Llp, 69-73 Theobalds Road, London, WC1X 8TA",Not available,
https://find.icaew.com/firms/london/blue-sky-london-consulting-ltd/Z15bLYX,Blue Sky (London) Consulting Ltd,"36 Emerson Apartments, Chadwell Lane, London, N8 7RF",07771 891097,
https://find.icaew.com/firms/london/gillespie-inverarity-and-co-london-limited/Z10phIQ,Gillespie Inverarity & Co (London) Limited,"Suite F Rooms 1 - 4, Symal House, 423 Edgware Road, London, NW9 0HU",01250 870718,http://www.gillespiesca.co.uk
https://find.icaew.com/firms/london/hw-corporate-finance-london-llp/jIwR3,HW Corporate Finance London LLP,"New Derwent House, 69-73 Theobalds Road, London, WC1X 8TA",0207 0254650,http://www.hwca.com
https://find.icaew.com/firms/london/hw-corporate-finance-london-llp/jIwRA,HW Corporate Finance London LLP,"New Derwent House, 69-73 Theobalds Road, London, WC1X 8TA",Not available,
https://find.icaew.com/firms/london/accounting-solutions-london-and-malta-ltd/diJFW,Accounting Solutions London & Malta Ltd,"28b Bardolph Road, London, N7 0NJ",Not available,
https://find.icaew.com/firms/london/haines-watts-north-london-llp-bas/2UOxV,Haines Watts North London LLP,"305 Regents Park Road, London, N3 1DP",020 7989 8999,http://https://www.hwca.com/accountants-north-london/
https://find.icaew.com/firms/westcliff-on-sea/kelly-and-company-accountants-limited/19yhbm,Kelly & Company Accountants Limited,"383 London Road, Westcliff-on-sea, Essex, SS0 7HU",01702 831667,http://http://www.kellyaccounts.co.uk/contact_us.html
https://find.icaew.com/firms/morden/chowdhary-and-co-morden-ltd/1BTiga,Chowdhary & Co (Morden) Ltd,"23 London Road, Morden, Surrey, SM4 5HT",02086 489222,
https://find.icaew.com/firms/st-albans/wren-accounting-ltd/ZnQkzW,Wren Accounting Ltd,"68 London Road, St. Albans, Hertfordshire, AL1 1NG",01727 840361,
https://find.icaew.com/firms/andover/hysons-accountants-llp/Z1vkTW0,Hysons Accountants LLP,"14 London Street, Andover, Hampshire, SP10 2PA",Not available,
https://find.icaew.com/firms/milton-keynes/pcr-london-llp/GO2KL,PCR (London) LLP,"Artemis House, 4 Bramley Road, Milton Keynes, MK1 1PT",01908 309950,
https://find.icaew.com/firms/northwich/campbell-crossley-and-davis/CXaCF,Campbell Crossley & Davis,"83 London Road, Northwich, Cheshire, CW9 5HQ",01606 45591,
https://find.icaew.com/firms/hemel-hempstead/cladd-beck-limited-bas/2oYAcw,Cladd Beck Limited,"56a London Road, Apsley, Hemel Hempstead, Hertfordshire, HP3 9SB",01442 253482,http://www.claddbeck.co.uk
https://find.icaew.com/firms/london/ernst-and-young-europe-llp/V2U3G,Ernst & Young Europe LLP,"6 More London Place, London, SE1 2DA",020 7951 2000,
https://find.icaew.com/firms/london/ernst-and-young-limited/1okQ8b,Ernst & Young Limited,"1 More London Place, London, SE1 2AF",0207 9512000,
https://find.icaew.com/firms/london/auhg-consulting-ltd/1v7NJs,AuHg Consulting Ltd,"27 Coborn Street, London, E3 2AB",07545 300334,
https://find.icaew.com/firms/london/pricewaterhousecoopers-bas/Zz0OTg,PricewaterhouseCoopers,"7 More London Riverside, London, SE1 2RT",020 7583 5000,
https://find.icaew.com/firms/leigh-on-sea/fjp-probate-limited/Z26yC8W,FJP Probate Limited,"1386 London Road, Leigh-on-sea, Essex, SS9 2UJ",Not available,
https://find.icaew.com/firms/reading/baldwins-holdings-limited/1oBenO,Baldwins Holdings Limited,"92 London Street, Reading, Berkshire, RG1 4SJ",Not available,
https://find.icaew.com/firms/brighton/top-spec-accounting-limited/Z1zxGDK,Top Spec Accounting Limited,"30 London Road, Brighton, BN1 6YP",07720645966,
https://find.icaew.com/firms/reading/richardsons/Z1VPjtf,Richardsons,"99 London Street, Reading, RG1 4QA",0118 957 3118,
https://find.icaew.com/firms/harrow/ashmar-and-co-london-ltd/3YyWI,Ashmar & Co (London) Ltd,"34 Chapman Crescent, Kenton, Harrow, Middlesex, HA3 0TE",020 8206 0389,
https://find.icaew.com/firms/london/white-hart-associates-london-limited/ZQxCp1,White Hart Associates (London) Limited,"East House, 109 South Worple Way, London, SW14 8TN",0208 878 8383,
https://find.icaew.com/firms/waterlooville/stuart-hoare-bas/o8fLx,Stuart Hoare,"87 London Road, Cowplain, Waterlooville, PO8 8XB",023 92 254404,http://www.stuarthoare.co.uk
https://find.icaew.com/firms/stockport/maurice-bland-and-co-bas/Z3fzdU,Maurice Bland & Co,"308 London Road, Hazel Grove, Stockport, Cheshire, SK7 4RF",01706 693190,http://info@resolutionsmanagement.co.uk
https://find.icaew.com/firms/morden/accotax-ltd-bas/Z1wg1Fh,Accotax Ltd,"12 London Road, Morden, Surrey, SM4 5BQ",020 3441 1258,http://www.accotax.co.uk
https://find.icaew.com/firms/bristol/oracle-accounting/Z1HwQiA,Oracle Accounting,"10 London Square, Portishead, Bristol, BS20 7BB",01275 390003,
https://find.icaew.com/firms/thornton-heath/bharat-shah-and-co-bas/cegWA,Bharat Shah & Co,"786 London Road, Thornton Heath, Surrey, CR7 6JB",020 8683 0121,
https://find.icaew.com/firms/southampton/basra-and-basra-ltd/2hcGM1,Basra & Basra Ltd,"9 London Road, Southampton, SO15 2AE",023 8021 1111,
https://find.icaew.com/firms/st-albans/mercer-and-hole-corporate-finance-limited/Z2hj6QL,Mercer & Hole Corporate Finance Limited,"72 London Road, St. Albans, Hertfordshire, AL1 1NS",01727 869141,
https://find.icaew.com/firms/kettering/john-s-ward-and-co-limited-bas/Z1FAKqg,John S Ward & Co Limited,"1 London Road, Kettering, NN16 0EF",01536 485815,http://www.johnsward.co.uk
https://find.icaew.com/firms/reading/my-accountancy-people-limited/Z248Fcj,My Accountancy People Limited,"62 London Road, Twyford, Reading, Berkshire, RG10 9EY",0775 3356880,http://www.myaccountancypeople.com
https://find.icaew.com/firms/stockport/dmc-gort-and-march-limited/8dzMR,DMC Gort & March Limited,"308 London Road, Hazel Grove, Stockport, Stockport, Cheshire, SK7 4RF",Not available,
https://find.icaew.com/firms/kettering/john-s-ward-and-co-limited/lroo2,John S Ward & Co Limited,"1 London Road, Kettering, Northamptonshire, NN16 0EF",Not available,
https://find.icaew.com/firms/aylesford/west-kent-accounting-services-ltd/1DBI7s,West Kent Accounting Services Ltd,"714 London Road, Larkfield, Aylesford, Kent, ME20 6BL",0845 5212241,http://www.taxassist.co.uk/larkfield
https://find.icaew.com/firms/sutton/ossmans-limited/Z159vnJ,Ossmans Limited,"591 London Road, North Cheam, Sutton, Surrey, SM3 9AG",02083 307711,
https://find.icaew.com/firms/kettering/john-s-ward-and-co-limited/ZAo73R,John S Ward & Co Limited,"1 London Road, Kettering, Northamptonshire, NN16 0EF",01536 515387,
https://find.icaew.com/firms/morden/sarmad-global-accountancy-services-ltd/Gwhny,Sarmad Global Accountancy Services Ltd,"115 London Road, Morden, Surrey, SM4 5HP",020 8646 3666,http://www.sarmadglobal.com
https://find.icaew.com/firms/southampton/basra-and-basra-ltd-bas/2NzLX,Basra & Basra Ltd,"9 London Road, Southampton, SO15 2AE",023 8021 1111,http://www.basraandbasra.co.uk
https://find.icaew.com/firms/leicester/mendes-and-co-limited/pNv8v,Mendes & Co Limited,"55a London Road, Leicester, LE2 0PE",0116 2543143,
https://find.icaew.com/firms/haywards-heath/george-fitzsimons/9tm4d,George Fitzsimons,"Rivendell, London Road, Cuckfield, Haywards Heath, West Sussex, RH17 5EU",01444 415557,
https://find.icaew.com/firms/wokingham/gerald-f-hayter/1iVixw,Gerald F Hayter,"324 London Road, Wokingham, Berkshire, RG40 1RD",0118 978 9227,
https://find.icaew.com/firms/benfleet/thomas-edward-dixon-and-company/Z18EGPG,Thomas Edward Dixon & Company,"376 London Road, Hadleigh, Benfleet, SS7 2DA",01702 552929,http://www.thomasedwarddixon.co.uk
https://find.icaew.com/firms/newark/david-pattinson/Z9RKL,David Pattinson,"233 London Road, Balderton, Newark, NG24 3HA",01636 706543,http://www.davidpattinson.co.uk
https://find.icaew.com/firms/hemel-hempstead/cladd-beck-bas/Z16Pg7y,Cladd Beck,"56a London Road, Apsley, Hemel Hempstead, Hertfordshire, HP3 9SB",01442 253482,http://www.claddbeck.co.uk
https://find.icaew.com/firms/alderley-edge/beaufort-chancery-limited/ZOvQK,Beaufort Chancery Limited,"12 London Road, Alderley Edge, Alderley Edge, Cheshire, SK9 7JS",01625 582002,
https://find.icaew.com/firms/high-wycombe/seymour-taylor-audit-ltd-bas/ZhPUfY,Seymour Taylor Audit Ltd,"57 London Road, High Wycombe, Buckinghamshire, HP11 1BS",01494 552100,http://www.stca.co.uk
https://find.icaew.com/firms/andover/hysons-accountants-llp/IbIhS,Hysons Accountants LLP,"14 London Street, Andover, Hampshire, SP10 2PA",01264 323791,http://www.hysons.co.uk
https://find.icaew.com/firms/westcliff-on-sea/raymond-hecek/ZdKf3C,Raymond Hecek,"615 London Road, Westcliff-on-sea, Essex, SS0 9PE",01702 353538,http://www.raymondhecek.com
https://find.icaew.com/firms/wokingham/gerald-f-hayter/Z1t6y6J,Gerald F Hayter,"324 London Road, Wokingham, Berkshire, RG40 1RD",0118 978 9227,
https://find.icaew.com/firms/edgware/taxation-services-london-ltd/1xMQl9,Taxation Services (London) Ltd,"31 Westholme Gardens, Ruislip, Edgware, Middlesex, HA8 9JQ",Not available,
https://find.icaew.com/firms/aylesford/west-kent-accounting-services-ltd-bas/nOYvA,West Kent Accounting Services Ltd,"714 London Road, Larkfield, Aylesford, Kent, ME20 6BL",0845 521 2241,http://www.taxassist.co.uk/larkfield
https://find.icaew.com/firms/wembley/capital-partners-london-limited/F7XYb,Capital Partners London Limited,"110 Viglen House, Alperton Lane, Wembley, Middlesex, HA0 1HD",0208 998 3456,http://www.gkpp.com
https://find.icaew.com/firms/downham-market/mapus-smith-and-lemmon-llp/2rdhpk,Mapus-Smith & Lemmon LLP,"23 London Road, Downham Market, Norfolk, PE38 9BJ",01366 383300,
https://find.icaew.com/firms/waterlooville/marshall-havard-limited/2fD0Gk,Marshall Havard Limited,"77 London Road, Cowplain, Waterlooville, Hampshire, PO8 8UJ",023 9234 0775,
https://find.icaew.com/firms/morden/chowdhary-and-co-morden-ltd/1BTifC,Chowdhary & Co (Morden) Ltd,"23 London Road, Morden, Surrey, SM4 5HT",02086 489222,http://www.chowdharyandco.com
https://find.icaew.com/firms/morden/sarmad-and-co/1Bz3RH,Sarmad & Co,"115 London Road, Morden, Surrey, SM4 5HP",020 8646 3666,http://www.sarmadglobal.com
https://find.icaew.com/firms/leigh-on-sea/francis-james-and-partners-llp-bas/Z2fuG0d,Francis James & Partners LLP,"1386 London Road, Leigh-on-sea, Essex, SS9 2UJ",01702 411311,http://www.francisjamesllp.co.uk
https://find.icaew.com/firms/harrow/ashmar-and-co-london-ltd-bas/3YyVO,Ashmar & Co (London) Ltd,"34 Chapman Crescent, Kenton, Harrow, Middlesex, HA3 0TE",0208 206 0389,
https://find.icaew.com/firms/uxbridge/pricewaterhousecoopers-bas/DIn6y,PricewaterhouseCoopers,"West London Office, The Atrium, 1 Harefield Road, Uxbridge, UB8 1EX",01895 522000,
https://find.icaew.com/firms/sutton/ossmans-limited/8qKvf,Ossmans Limited,"591 London Road, North Cheam, Sutton, Surrey, SM3 9AG",0208 330 7711,http://www.bremakumars.com
